{
    "cam_choose": "right",
    "cam_mat": [
        [
            646.705300503056,
            0,
            0
        ],
        [
            0,
            645.431694313979,
            0
        ],
        [
            319.601459928751,
            249.327779530319,
            1
        ]
    ],
    "distortion": [
        -0.399869559782192,
        0.108449097220146,
        -0.00277458426173481,
        0.003122674831073,
        0.208219700924365
    ],
    "rotate_mat": [
        [
            2.08798923e+00,
            -4.81103509e-01,
            -2.19383200e+02
        ],
        [
            4.54417601e-01,
            2.04951612e+00,
            -4.67818284e+02
        ],
        [
            6.56764980e-05,
            -9.52622656e-05,
            1.00000000e+00
        ]
    ],
    "translate": [],
    "shape": [
        [],
        [
            0.208,
            0.221
        ],
        [
            0.144,
            0.250
        ],
        [
            0.208,
            0.221
        ],
        [
            0.208,
            0.221
        ]
    ]
}