{
    "cam_choose": "right",
    "left_cam_mat": [
        [
            648.4197509544956,
            0,
            0
        ],
        [
            0.268487,
            647.278,
            0
        ],
        [
            320.6077,
            221.9899,
            1
        ]
    ],
    "right_cam_mat": [
        [
            648.53,
            0,
            0
        ],
        [
            0.15257,
            647.7,
            0
        ],
        [
            313.22,
            216.57,
            1
        ]
    ],
    "left_distortion": [
        0.044215320979831,
        0.110820745421039,
        0.000110267308761672,
        0.001895756337453,
        -0.433469857440265
    ],
    "right_distortion": [
        0.042394654345705,
        0.253759587376199,
        -0.0005599414951919515,
        0.001616828933298,
        -1.208777005802118
    ],
    "rpy": [],
    "translate": [],
    "shape": [
        [],
        [
            0.208,
            0.221
        ]
    ]
}