{
    "cam_choose": "right",
    "cam_mat": [
        [
            639.963779871695,
            0,
            0
        ],
        [
            0,
            638.498753525547,
            0
        ],
        [
            333.746770368442,
            239.952490942694,
            1
        ]
    ],
    "distortion": [
        -0.382893153421940,
        -0.599097125709446,
        8.01430133960648e-05,
        0.000318989327782212,
        5.01486912391649
    ],
    "rpy": [],
    "translate": [],
    "shape": [
        [],
        [
            0.208,
            0.221
        ]
    ]
}