{
    "cam_choose": "right",
    "cam_mat": [
        [
            639.963779871695,
            0,
            0
        ],
        [
            0,
            638.498753525547,
            0
        ],
        [
            333.746770368442,
            239.952490942694,
            1
        ]
    ],
    "distortion": [
        -0.382893153421940,
        -0.599097125709446,
        8.01430133960648e-05,
        0.000318989327782212,
        5.01486912391649
    ],
    "rotate_mat": [
        [
            2.08798923e+00,
            -4.81103509e-01,
            -2.19383200e+02
        ],
        [
            4.54417601e-01,
            2.04951612e+00,
            -4.67818284e+02
        ],
        [
            6.56764980e-05,
            -9.52622656e-05,
            1.00000000e+00
        ]
    ],
    "translate": [],
    "shape": [
        [],
        [
            0.208,
            0.221
        ],
        [
            0.144,
            0.250
        ],
        [
            0.208,
            0.221
        ],
        [
            0.208,
            0.221
        ]
    ]
}